        f (GHz),             |S[1][1]| (dB),        arg(S[1][1]) (deg.),             |S[2][1]| (dB),        arg(S[2][1]) (deg.)
 8.42000000e+00,        -1.520296682483e+01,        +1.376277437525e+02,        -1.331376180745e-01,        +4.680693721794e+01
 8.42100000e+00,        -1.526195726180e+01,        +1.376456576786e+02,        -1.313155396909e-01,        +4.672457097635e+01
 8.42200000e+00,        -1.532345005044e+01,        +1.376662731291e+02,        -1.294431531396e-01,        +4.663969382342e+01
 8.42300000e+00,        -1.538761545506e+01,        +1.376898584772e+02,        -1.275183048402e-01,        +4.655216161582e+01
 8.42400000e+00,        -1.545463969771e+01,        +1.377167158332e+02,        -1.255387454529e-01,        +4.646181883474e+01
 8.42500000e+00,        -1.552472674674e+01,        +1.377471856915e+02,        -1.235021087053e-01,        +4.636849762804e+01
 8.42600000e+00,        -1.559810051341e+01,        +1.377816530607e+02,        -1.214059108629e-01,        +4.627201652595e+01
 8.42700000e+00,        -1.567500735523e+01,        +1.378205545892e+02,        -1.192475464271e-01,        +4.617217903435e+01
 8.42800000e+00,        -1.575571896684e+01,        +1.378643870584e+02,        -1.170242843318e-01,        +4.606877204984e+01
 8.42900000e+00,        -1.584053572986e+01,        +1.379137175500e+02,        -1.147332648455e-01,        +4.596156407046e+01
 8.43000000e+00,        -1.592979060899e+01,        +1.379691956788e+02,        -1.123714974759e-01,        +4.585030317028e+01
 8.43100000e+00,        -1.602385370097e+01,        +1.380315683850e+02,        -1.099358602627e-01,        +4.573471470112e+01
 8.43200000e+00,        -1.612313758104e+01,        +1.381016977996e+02,        -1.074230976734e-01,        +4.561449867134e+01
 8.43300000e+00,        -1.622810352856e+01,        +1.381805837007e+02,        -1.048298371888e-01,        +4.548932678666e+01
 8.43400000e+00,        -1.633926903217e+01,        +1.382693898919e+02,        -1.021525774601e-01,        +4.535883899747e+01
 8.43500000e+00,        -1.645721655982e+01,        +1.383694781495e+02,        -9.938771221370e-02,        +4.522263960553e+01
 8.43600000e+00,        -1.658260410912e+01,        +1.384824499010e+02,        -9.653154464127e-02,        +4.508029274287e+01
 8.43700000e+00,        -1.671617785406e+01,        +1.386101987161e+02,        -9.358031249540e-02,        +4.493131715676e+01
 8.43800000e+00,        -1.685878740864e+01,        +1.387549767815e+02,        -9.053022328528e-02,        +4.477518016290e+01
 8.43900000e+00,        -1.701140435321e+01,        +1.389194798028e+02,        -8.737750269302e-02,        +4.461129060843e+01
 8.44000000e+00,        -1.717514485475e+01,        +1.391069564464e+02,        -8.411846032197e-02,        +4.443899065102e+01
 8.44100000e+00,        -1.735129745294e+01,        +1.393213509076e+02,        -8.074957986771e-02,        +4.425754612051e+01
 8.44200000e+00,        -1.754135742645e+01,        +1.395674900784e+02,        -7.726763108975e-02,        +4.406613514251e+01
 8.44300000e+00,        -1.774706952448e+01,        +1.398513336763e+02,        -7.366983710785e-02,        +4.386383472085e+01
 8.44400000e+00,        -1.797048149949e+01,        +1.401803105326e+02,        -6.995407849389e-02,        +4.364960474212e+01
 8.44500000e+00,        -1.821401153715e+01,        +1.405637788653e+02,        -6.611917440532e-02,        +4.342226888257e+01
 8.44600000e+00,        -1.848053364910e+01,        +1.410136648508e+02,        -6.216525234923e-02,        +4.318049168777e+01
 8.44700000e+00,        -1.877348634714e+01,        +1.415453644305e+02,        -5.809425542375e-02,        +4.292275079260e+01
 8.44800000e+00,        -1.909701088133e+01,        +1.421790375001e+02,        -5.391059261352e-02,        +4.264730334853e+01
 8.44900000e+00,        -1.945612684192e+01,        +1.429415063045e+02,        -4.962204254542e-02,        +4.235214477778e+01
 8.45000000e+00,        -1.985695206478e+01,        +1.438690977525e+02,        -4.524095856989e-02,        +4.203495808734e+01
 8.45100000e+00,        -2.030696922786e+01,        +1.450120018615e+02,        -4.078591378305e-02,        +4.169305097321e+01
 8.45200000e+00,        -2.081532382857e+01,        +1.464411210747e+02,        -3.628392636501e-02,        +4.132327735047e+01
 8.45300000e+00,        -2.139308591216e+01,        +1.482591215971e+02,        -3.177357768756e-02,        +4.092193823923e+01
 8.45400000e+00,        -2.205326036185e+01,        +1.506186863321e+02,        -2.730929409431e-02,        +4.048465606093e+01
 8.45500000e+00,        -2.280992270336e+01,        +1.537531896613e+02,        -2.296738442327e-02,        +4.000621317194e+01
 8.45600000e+00,        -2.367473001269e+01,        +1.580280107405e+02,        -1.885461020573e-02,        +3.948034293839e+01
 8.45700000e+00,        -2.464602417676e+01,        +1.640206578007e+02,        -1.512048147976e-02,        +3.889945540086e+01
 8.45800000e+00,        -2.567853748793e+01,        +1.726111990623e+02,        -1.197518054896e-02,        +3.825427424012e+01
 8.45900000e+00,        -2.661281237674e+01,        -1.750847747648e+02,        -9.716015235939e-03,        +3.753334934744e+01
 8.46000000e+00,        -2.708231387071e+01,        -1.585248939030e+02,        -8.767230150762e-03,        +3.672239320762e+01
 8.46100000e+00,        -2.662556421113e+01,        -1.396021140516e+02,        -9.740878867683e-03,        +3.580336521734e+01
 8.46200000e+00,        -2.517476626208e+01,        -1.224802392719e+02,        -1.353201478299e-02,        +3.475318706101e+01
 8.46300000e+00,        -2.314401541412e+01,        -1.097308354426e+02,        -2.147079877809e-02,        +3.354191176378e+01
 8.46400000e+00,        -2.093558901234e+01,        -1.011910820567e+02,        -3.557216300215e-02,        +3.213006574342e+01
 8.46500000e+00,        -1.873771989443e+01,        -9.579903593031e+01,        -5.895716995139e-02,        +3.046472534583e+01
 8.46600000e+00,        -1.660264788672e+01,        -9.266844141841e+01,        -9.658757884090e-02,        +2.847361910843e+01
 8.46700000e+00,        -1.452737477146e+01,        -9.125632160313e+01,        -1.565924475007e-01,        +2.605613492042e+01
 8.46800000e+00,        -1.249118248759e+01,        -9.129592244876e+01,        -2.527593339219e-01,        +2.306949243689e+01
 8.46900000e+00,        -1.047078109822e+01,        -9.273152648541e+01,        -4.094127426190e-01,        +1.930764049159e+01
 8.47000000e+00,        -8.448624473019e+00,        -9.569199365371e+01,        -6.713874574219e-01,        +1.447052890939e+01
 8.47100000e+00,        -6.423233501180e+00,        -1.004943613806e+02,        -1.125260017242e+00,        +8.126118812639e+00
 8.47200000e+00,        -4.429226556596e+00,        -1.076436282116e+02,        -1.946027594794e+00,        -3.096955744271e-01
 8.47300000e+00,        -2.573150686606e+00,        -1.177244940142e+02,        -3.502779639064e+00,        -1.147650285179e+01
 8.47400000e+00,        -1.068291609541e+00,        -1.309583583301e+02,        -6.629747811611e+00,        -2.563083552902e+01
 8.47500000e+00,        -1.823220628527e-01,        -1.463796056746e+02,        -1.394779322417e+01,        -4.179729205569e+01
 8.47600000e+00,        -2.886331606926e-02,        -1.616776762482e+02,        -2.229838243021e+01,        +1.217865328672e+02
 8.47700000e+00,        -4.407031310988e-01,        -1.747162431865e+02,        -1.018108418229e+01,        +1.083469096301e+02
 8.47800000e+00,        -1.138468887264e+00,        +1.751881529710e+02,        -6.379616486848e+00,        +9.772278378399e+01
 8.47900000e+00,        -1.917595197992e+00,        +1.676632593073e+02,        -4.477748922729e+00,        +8.971129451034e+01
 8.48000000e+00,        -2.675731350264e+00,        +1.620680950712e+02,        -3.375070140020e+00,        +8.367463862272e+01
 8.48100000e+00,        -3.373543800698e+00,        +1.578504815951e+02,        -2.676572793415e+00,        +7.905637800016e+01
 8.48200000e+00,        -4.001375192473e+00,        +1.546099200868e+02,        -2.204923029089e+00,        +7.545119036960e+01
 8.48300000e+00,        -4.561662083187e+00,        +1.520703405644e+02,        -1.870359393268e+00,        +7.257861840853e+01
 8.48400000e+00,        -5.061020616292e+00,        +1.500427718586e+02,        -1.623529253866e+00,        +7.024588133354e+01
 8.48500000e+00,        -5.506946438450e+00,        +1.483965216371e+02,        -1.435509923823e+00,        +6.831901952074e+01
 8.48600000e+00,        -5.906539876831e+00,        +1.470396680888e+02,        -1.288451303164e+00,        +6.670331331063e+01
 8.48700000e+00,        -6.266088391645e+00,        +1.459063328681e+02,        -1.170851679559e+00,        +6.533048404936e+01
 8.48800000e+00,        -6.590998556095e+00,        +1.449484138370e+02,        -1.075024584903e+00,        +6.415036271555e+01
 8.48900000e+00,        -6.885860968983e+00,        +1.441301609349e+02,        -9.956700449718e-01,        +6.312541223025e+01
 8.49000000e+00,        -7.154555790711e+00,        +1.434245654912e+02,        -9.290334462785e-01,        +6.222707207257e+01
 8.49100000e+00,        -7.400362352577e+00,        +1.428109125086e+02,        -8.723913155613e-01,        +6.143327406964e+01
 8.49200000e+00,        -7.626058193666e+00,        +1.422730945080e+02,        -8.237267080553e-01,        +6.072672566372e+01
 8.49300000e+00,        -7.834004089750e+00,        +1.417984281959e+02,        -7.815181695889e-01,        +6.009370169115e+01
 8.49400000e+00,        -8.026214885461e+00,        +1.413768115187e+02,        -7.445990595262e-01,        +5.952318061454e+01
 8.49500000e+00,        -8.204417893337e+00,        +1.410001135423e+02,        -7.120615692935e-01,        +5.900621706214e+01
 8.49600000e+00,        -8.370100685678e+00,        +1.406617267254e+02,        -6.831898992511e-01,        +5.853547958353e+01
 8.49700000e+00,        -8.524550111344e+00,        +1.403562339973e+02,        -6.574128610029e-01,        +5.810490569314e+01
 8.49800000e+00,        -8.668884427275e+00,        +1.400791579764e+02,        -6.342696729944e-01,        +5.770944058187e+01
 8.49900000e+00,        -8.804079485495e+00,        +1.398267701780e+02,        -6.133849214665e-01,        +5.734483776582e+01
 8.50000000e+00,        -8.930990402546e+00,        +1.395959440810e+02,        -5.944499524503e-01,        +5.700750472065e+01
 8.50100000e+00,        -9.050369428691e+00,        +1.393840411607e+02,        -5.772088811622e-01,        +5.669438248030e+01
 8.50200000e+00,        -9.162880849417e+00,        +1.391888211302e+02,        -5.614479241805e-01,        +5.640285059165e+01
 8.50300000e+00,        -9.269113352565e+00,        +1.390083713226e+02,        -5.469872047620e-01,        +5.613065171419e+01
 8.50400000e+00,        -9.369590417987e+00,        +1.388410502066e+02,        -5.336743737091e-01,        +5.587583111940e+01
 8.50500000e+00,        -9.464779049347e+00,        +1.386854420600e+02,        -5.213796057705e-01,        +5.563668785654e+01
 8.50600000e+00,        -9.555097166602e+00,        +1.385403202709e+02,        -5.099916324412e-01,        +5.541173501882e+01
 8.50700000e+00,        -9.640919847373e+00,        +1.384046175301e+02,        -4.994145872224e-01,        +5.519966725605e+01
 8.50800000e+00,        -9.722584672540e+00,        +1.382774013395e+02,        -4.895654570209e-01,        +5.499933397183e+01
 8.50900000e+00,        -9.800396282402e+00,        +1.381578538671e+02,        -4.803720234356e-01,        +5.480971713318e+01
 8.51000000e+00,        -9.874630289869e+00,        +1.380452552478e+02,        -4.717711829239e-01,        +5.462991277577e+01
 8.51100000e+00,        -9.945536640740e+00,        +1.379389696795e+02,        -4.637075689601e-01,        +5.445911553621e+01
 8.51200000e+00,        -1.001334256843e+01,        +1.378384337699e+02,        -4.561324119046e-01,        +5.429660551149e+01
 8.51300000e+00,        -1.007825505654e+01,        +1.377431467674e+02,        -4.490025981541e-01,        +5.414173738031e+01
 8.51400000e+00,        -1.014046307981e+01,        +1.376526622816e+02,        -4.422798795726e-01,        +5.399393092902e+01
 8.51500000e+00,        -1.020013951066e+01,        +1.375665812746e+02,        -4.359302131976e-01,        +5.385266308338e+01
 8.51600000e+00,        -1.025744279760e+01,        +1.374845460907e+02,        -4.299232043193e-01,        +5.371746106028e+01
 8.51700000e+00,        -1.031251843821e+01,        +1.374062353523e+02,        -4.242316350961e-01,        +5.358789647911e+01
 8.51800000e+00,        -1.036550027539e+01,        +1.373313596019e+02,        -4.188310639269e-01,        +5.346358028109e+01
 8.51900000e+00,        -1.041651164180e+01,        +1.372596574504e+02,        -4.136994831541e-01,        +5.334415832318e+01
 8.52000000e+00,        -1.046566637086e+01,        +1.371908924467e+02,        -4.088170265417e-01,        +5.322930756158e+01
